﻿<?xml version="1.0" encoding="utf-8" standalone="no" ?>
<modDesc descVersion="21">
   <author>mogli</author>
    <title>
		<en>Realistic Power Consumption</en>
        <de>Realistische Leistungsaufnahme</de> 
    </title>
    <description>
        <en><![CDATA[Realistic Power Consumption]]></en>
		<de><![CDATA[Realistische Leistungsaufname]]></de>
 	</description>
    <multiplayer supported="true"/>   
	<iconFilename>store.dds</iconFilename>
	<version>0.8</version>
	<extraSourceFiles>
        <sourceFile filename="realisticPower.lua" />
    </extraSourceFiles>    
</modDesc>